Cars,Model,Dist,Fuel,Transmission,Registration,EMI,Price,Sale City,Unnamed: 0
2018 Hyundai Grand i10,Â SPORTZ AT 1.2 KAPPA VTVT,"52,714 km",Petrol,Auto,GJ-03,"EMI â‚ą7,089/m*",â‚ą4.52Lâ‚ą4.02 lakh+ other charges,Ahmedabad,
2013 Maruti Swift,Â VXI,"44,681 km",Petrol,Manual,GJ-27,"EMI â‚ą13,784/m*",â‚ą2.93 lakh+ other charges,Ahmedabad,
2021 Maruti Baleno,Â DELTA PETROL 1.2,"1,36,849 km",Petrol,Manual,GJ-12,"EMI â‚ą9,343/m*",â‚ą4.37Lâ‚ą4.20 lakh+ other charges,Ahmedabad,
2019 Hyundai Elite i20,Â MAGNA PLUS 1.2,"72,585 km",Petrol,Manual,GJ-27,"EMI â‚ą7,830/m*",â‚ą4.44 lakh+ other charges,Ahmedabad,
2022 Hyundai VENUE,Â S+ 1.2,"58,316 km",Petrol,Manual,GJ-12,"EMI â‚ą9,837/m*",â‚ą5.74Lâ‚ą5.57 lakh+ other charges,Ahmedabad,
2020 KIA SELTOS,Â HTK PLUS 1.5,"75,184 km",Petrol,Manual,GJ-12,"EMI â‚ą11,514/m*",â‚ą7.27Lâ‚ą6.52 lakh+ other charges,Ahmedabad,
2022 Maruti Swift,Â ZXI PLUS,"79,406 km",Petrol,Manual,GJ-27,"EMI â‚ą9,709/m*",â‚ą5.50 lakh+ other charges,Ahmedabad,
2020 Hyundai Elite i20,Â MAGNA PLUS 1.2,"89,894 km",Petrol,Manual,GJ-01,"EMI â‚ą8,447/m*",â‚ą4.78 lakh+ other charges,Ahmedabad,
2018 Maruti Alto 800,Â LXI,"73,792 km",Petrol,Manual,GJ-24,"EMI â‚ą3,562/m*",â‚ą2.12Lâ‚ą2.02 lakh+ other charges,Ahmedabad,
2016 Renault Kwid,Â RXT 0.8,"1,23,083 km",Petrol,Manual,GJ-27,"EMI â‚ą3,239/m*",â‚ą1.65Lâ‚ą1.46 lakh+ other charges,Ahmedabad,
2020 Tata NEXON,Â XZ PLUS (O) PETROL,"86,350 km",Petrol,Manual,GJ-12,"EMI â‚ą10,190/m*",â‚ą5.89Lâ‚ą5.77 lakh+ other charges,Ahmedabad,
2022 Tata Tiago,Â XZ PLUS PETROL,"27,607 km",Petrol,Manual,GJ-01,"EMI â‚ą7,938/m*",â‚ą4.68Lâ‚ą4.50 lakh+ other charges,Ahmedabad,
2018 Hyundai Grand i10,Â MAGNA 1.2 KAPPA VTVT,"92,157 km",Petrol,Manual,GJ-12,"EMI â‚ą4,390/m*",â‚ą2.69Lâ‚ą2.49 lakh+ other charges,Ahmedabad,
2019 Hyundai Grand i10,Â SPORTZ 1.2 KAPPA VTVT,"37,642 km",Petrol,Manual,GJ-01,"EMI â‚ą6,708/m*",â‚ą4.39Lâ‚ą3.80 lakh+ other charges,Ahmedabad,
2018 Ford Ecosport,Â TITANIUM 1.5L PETROL,"83,699 km",Petrol,Manual,GJ-38,"EMI â‚ą6,389/m*",â‚ą4.09Lâ‚ą3.62 lakh+ other charges,Ahmedabad,
2017 Maruti Celerio,Â VXI AMT,"60,932 km",Petrol,Auto,GJ-10,"EMI â‚ą5,665/m*",â‚ą3.15Lâ‚ą2.90 lakh+ other charges,Ahmedabad,
2019 Maruti Alto K10,Â VXI,"48,518 km",Petrol,Manual,GJ-12,"EMI â‚ą3,763/m*",â‚ą2.38Lâ‚ą2.13 lakh+ other charges,Ahmedabad,
2017 Renault Kwid,Â CLIMBER 1.0 AMT,"66,034 km",Petrol,Auto,GJ-03,"EMI â‚ą4,218/m*",â‚ą2.16 lakh+ other charges,Ahmedabad,
2021 Renault Kwid,Â RXE,"55,916 km",Petrol,Manual,GJ-09,"EMI â‚ą4,871/m*",â‚ą3.27Lâ‚ą2.76 lakh+ other charges,Ahmedabad,
2019 KIA SELTOS,Â GTK 1.4 PETROL,"80,983 km",Petrol,Manual,GJ-01,"EMI â‚ą12,191/m*",â‚ą8.77Lâ‚ą6.91 lakh+ other charges,Ahmedabad,
2017 Hyundai Creta,Â SX PLUS 1.6 PETROL,"77,726 km",Diesel,Manual,KA-02,"EMI â‚ą14,423/m*",â‚ą7.38 lakh+ other charges,bangalore,
2016 Renault Kwid,Â RXT 1.0,"47,758 km",Petrol,Manual,KA-32,"EMI â‚ą5,161/m*",â‚ą2.66Lâ‚ą2.32 lakh+ other charges,bangalore,
2018 Maruti Swift,Â ZXI,"62,641 km",CNG,Manual,KA-05,"EMI â‚ą9,480/m*",â‚ą5.65Lâ‚ą5.37 lakh+ other charges,bangalore,
2016 Hyundai Grand i10,Â 1.2 SPORTZ PRIME EDITION VTVT,"68,576 km",Petrol,Manual,KA-20,"EMI â‚ą7,118/m*",â‚ą3.88Lâ‚ą3.20 lakh+ other charges,bangalore,
2021 Hyundai VENUE,Â SX 1.0 TURBO IMT,"31,386 km",Petrol,Manual,KA-01,"EMI â‚ą13,151/m*",â‚ą7.59Lâ‚ą7.45 lakh+ other charges,bangalore,
2024 Maruti Swift,Â ZXi Plus Dual Tone AMT,"25,054 km",Petrol,Auto,KA-05,"EMI â‚ą13,434/m*",â‚ą8.40Lâ‚ą7.61 lakh+ other charges,bangalore,
2019 Maruti Baleno,Â ZETA CVT PETROL 1.2,"57,289 km",Petrol,Auto,KA-53,"EMI â‚ą10,521/m*",â‚ą5.96 lakh+ other charges,bangalore,
2023 Hyundai NEW I20,Â SPORTZ 1.2 MT,"20,334 km",Petrol,Manual,KA-19,"EMI â‚ą12,148/m*",â‚ą6.88 lakh+ other charges,bangalore,
2019 KIA SELTOS,Â HTK PLUS 1.5,"86,637 km",Petrol,Manual,KA-04,"EMI â‚ą12,039/m*",â‚ą7.03Lâ‚ą6.82 lakh+ other charges,bangalore,
2020 Ford Ecosport,Â AMBIENTE 1.5L PETROL,"51,929 km",Diesel,Manual,KA-19,"EMI â‚ą10,574/m*",â‚ą6.30Lâ‚ą5.99 lakh+ other charges,bangalore,
2016 Maruti Swift,Â ZXI,"38,175 km",Petrol,Manual,KA-35,"EMI â‚ą10,566/m*",â‚ą5.24Lâ‚ą4.75 lakh+ other charges,bangalore,
2020 Hyundai Elite i20,Â MAGNA PLUS 1.2,"55,623 km",Petrol,Manual,KA-26,"EMI â‚ą9,196/m*",â‚ą5.21 lakh+ other charges,bangalore,
2017 Datsun Redi Go,Â T (O),"43,733 km",Petrol,Manual,KA-19,"EMI â‚ą3,539/m*",â‚ą2.18Lâ‚ą1.81 lakh+ other charges,bangalore,
2020 Ford Ecosport,Â TITANIUM + 1.5L PETROL AT,"64,721 km",Petrol,Auto,KA-02,"EMI â‚ą13,954/m*",â‚ą7.90 lakh+ other charges,bangalore,
2019 Hyundai GRAND I10 NIOS,Â SPORTZ 1.2 KAPPA VTVT DUAL TONE,"42,493 km",CNG,Manual,KA-25,"EMI â‚ą8,350/m*",â‚ą4.73 lakh+ other charges,bangalore,
2018 Tata NEXON,Â XM PETROL,"71,164 km",Petrol,Manual,KA-01,"EMI â‚ą9,696/m*",â‚ą5.49 lakh+ other charges,bangalore,
2017 Renault Kwid,Â RXT 1.0,"39,855 km",CNG,Manual,KA-55,"EMI â‚ą5,083/m*",â‚ą3.12Lâ‚ą2.60 lakh+ other charges,bangalore,
2018 Hyundai Creta,Â E PLUS 1.6 PETROL,"54,560 km",Petrol,Manual,KA-51,"EMI â‚ą12,964/m*",â‚ą7.34 lakh+ other charges,bangalore,
2014 Hyundai i20,Â SPORTZ 1.2,"60,146 km",Diesel,Manual,KA-04,"EMI â‚ą8,802/m*",â‚ą2.98Lâ‚ą2.65 lakh+ other charges,bangalore,
2022 Renault Kwid,Â CLIMBER 1.0 AMT Dual Tone ,"10,758 km",Petrol,Auto,KA-01,"EMI â‚ą8,124/m*",â‚ą4.60 lakh+ other charges,bangalore,
2025 Maruti Alto K10,Â VXi (O),"23,717 km",Petrol,Manual,PB-10,"EMI â‚ą6,655/m*",â‚ą4.47Lâ‚ą3.77 lakh+ other charges,Chandigarh,
2015 Renault Kwid,Â RXL,"57,108 km",Petrol,Manual,PB-12,"EMI â‚ą3,634/m*",â‚ą1.38 lakh+ other charges,Chandigarh,
2016 Maruti Alto K10,Â VXI,"74,169 km",Petrol,Manual,PB-30,"EMI â‚ą4,783/m*",â‚ą2.51Lâ‚ą2.15 lakh+ other charges,Chandigarh,
2018 Renault Kwid,Â RXT 1.0 (O),"67,064 km",Petrol,Manual,PB-19,"EMI â‚ą3,884/m*",â‚ą2.23Lâ‚ą2.20 lakh+ other charges,Chandigarh,
2016 Hyundai Elite i20,Â MAGNA 1.2,"87,881 km",Petrol,Manual,PB-65,"EMI â‚ą8,141/m*",â‚ą4.12Lâ‚ą3.66 lakh+ other charges,Chandigarh,
2020 Maruti New Wagon-R,Â VXI 1.2,"83,681 km",Petrol,Manual,HR-03,"EMI â‚ą5,472/m*",â‚ą4.03Lâ‚ą3.10 lakh+ other charges,Chandigarh,
2013 Hyundai Eon,Â MAGNA +,"90,179 km",Petrol,Manual,CH-01,"EMI â‚ą4,801/m*",â‚ą1.57Lâ‚ą1.02 lakh+ other charges,Chandigarh,
2019 Tata Tiago,Â XZ PETROL,"45,295 km",Petrol,Manual,PB-65,"EMI â‚ą5,649/m*",â‚ą3.33Lâ‚ą3.20 lakh+ other charges,Chandigarh,
2022 Nissan MAGNITE,Â XE,"24,263 km",Petrol,Manual,HR-85,"EMI â‚ą6,673/m*",â‚ą4.26Lâ‚ą3.78 lakh+ other charges,Chandigarh,
2021 Tata Tiago,Â XZ PETROL,"49,561 km",Petrol,Manual,PB-10,"EMI â‚ą6,532/m*",â‚ą4.53Lâ‚ą3.70 lakh+ other charges,Chandigarh,
2014 Ford Ecosport,Â AMBIENTE 1.5L PETROL,"74,455 km",Petrol,Manual,PB-02,"EMI â‚ą7,772/m*",â‚ą3.34Lâ‚ą2.34 lakh+ other charges,Chandigarh,
2021 Maruti Baleno,Â DELTA PETROL 1.2,"32,472 km",Petrol,Manual,PB-02,"EMI â‚ą7,711/m*",â‚ą5.06Lâ‚ą4.37 lakh+ other charges,Chandigarh,
2018 Mahindra KUV 100 NXT,Â K2 D 6S,"68,448 km",Diesel,Manual,PB-42,"EMI â‚ą4,125/m*",â‚ą2.83Lâ‚ą2.11 lakh+ other charges,Chandigarh,
2013 Honda Amaze,Â 1.2L I-VTEC VX,"58,976 km",Petrol,Manual,HR-03,"EMI â‚ą9,885/m*",â‚ą2.42Lâ‚ą2.10 lakh+ other charges,Chandigarh,
2022 Skoda KUSHAQ,Â AMBITION 1.0L TSI MT,"65,634 km",Petrol,Manual,PB-03,"EMI â‚ą13,045/m*",â‚ą7.54Lâ‚ą7.39 lakh+ other charges,Chandigarh,
2021 Tata ALTROZ,Â XM PLUS DIESEL,"80,846 km",Diesel,Manual,PB-10,"EMI â‚ą7,209/m*",â‚ą5.24Lâ‚ą4.08 lakh+ other charges,Chandigarh,
2022 KIA SELTOS,Â HTK PLUS 1.5 DIESEL,"74,491 km",Diesel,Manual,PB-02,"EMI â‚ą15,787/m*",â‚ą9.52Lâ‚ą9.22 lakh+ other charges,Chandigarh,
2022 Hyundai GRAND I10 NIOS,Â ASTA AMT 1.2 KAPPA VTVT,"5,189 km",Petrol,Auto,PB-65,"EMI â‚ą10,069/m*",â‚ą6.00Lâ‚ą5.70 lakh+ other charges,Chandigarh,
2018 Hyundai Tucson,Â GLS 4WD AT DIESEL,"1,28,073 km",Diesel,Auto,PB-10,"EMI â‚ą21,242/m*",â‚ą12.02Lâ‚ą9.77 lakh+ other charges,Chandigarh,
2022 Volkswagen TAIGUN,Â HIGHLINE 1.0 TSI MT,"42,419 km",Petrol,Manual,PB-02,"EMI â‚ą12,763/m*",â‚ą8.28Lâ‚ą7.23 lakh+ other charges,Chandigarh,
2018 Hyundai Creta,Â SX AT 1.6 DIESEL,"95,188 km",Diesel,Auto,HR-03,"EMI â‚ą16,541/m*",â‚ą8.69 lakh,Chandigarh,
2019 Maruti S PRESSO,Â VXI+,"1,35,640 km",Petrol,Manual,PB-13,"EMI â‚ą6,228/m*",â‚ą2.80 lakh,Chandigarh,
2019 Maruti Swift,Â VXI,"67,721 km",Petrol,Manual,HR-12,"EMI â‚ą7,238/m*",â‚ą4.10 lakh,Chandigarh,
2016 Hyundai Grand i10,Â MAGNA AT 1.2 KAPPA VTVT,"39,393 km",Petrol,Auto,DL-10,"EMI â‚ą4,671/m*",â‚ą2.20Lâ‚ą2.10 lakh,Chandigarh,
2011 Hyundai Santa Fe,Â 4 WD,"1,44,523 km",Diesel,Manual,PB-12,Not available on EMI,â‚ą2.37 lakh,Chandigarh,
2023 Tata ALTROZ,Â XZ PETROL,"45,649 km",Petrol,Manual,HR-05,"EMI â‚ą10,592/m*",â‚ą6.18Lâ‚ą6.00 lakh,Chandigarh,
2015 Tata Indigo ECS,Â LX TDI,"1,26,239 km",Diesel,Manual,PB-10,"EMI â‚ą4,617/m*",â‚ą1.39 lakh,Chandigarh,
2017 Tata NEXON,Â XZ PLUS PETROL,"81,729 km",Petrol,Manual,PB-65,"EMI â‚ą10,362/m*",â‚ą5.30 lakh,Chandigarh,
2016 Hyundai Elite i20,Â SPORTZ 1.4 CRDI,"1,63,865 km",Diesel,Manual,UP-15,"EMI â‚ą8,163/m*",â‚ą3.10 lakh,Chandigarh,
2013 Volkswagen Vento,Â HIGHLINE DIESEL 1.6,"1,25,966 km",Diesel,Manual,PB-02,"EMI â‚ą16,970/m*",â‚ą1.91 lakh,Chandigarh,
2014 Renault Duster,Â 110 PS RXL DIESEL,"1,18,951 km",Diesel,Manual,HR-12,"EMI â‚ą11,298/m*",â‚ą2.40 lakh,Chandigarh,
2016 Mahindra TUV300,Â T8,"1,51,716 km",Diesel,Manual,JH-05,"EMI â‚ą10,797/m*",â‚ą4.10 lakh,Chandigarh,
2024 Tata Harrier,Â ADVENTURE,"31,026 km",Diesel,Manual,PB-65,"EMI â‚ą27,396/m*",â‚ą16.00 lakh,Chandigarh,
2019 Maruti Baleno,Â DELTA PETROL 1.2,"1,13,031 km",Petrol,Manual,PB-06,"EMI â‚ą8,453/m*",â‚ą3.80 lakh,Chandigarh,
2016 Maruti Swift,Â LXI (O),"13,644 km",Petrol,Manual,HR-01,"EMI â‚ą6,451/m*",â‚ą2.90 lakh,Chandigarh,
2013 Honda City,Â 1.5L I-VTEC S MT,"1,71,763 km",Petrol,Manual,UK-07,"EMI â‚ą10,921/m*",â‚ą2.32 lakh,Chandigarh,
2021 Hyundai AURA,Â S 1.2 CNG,"2,04,240 km",CNG,Manual,CH-01,"EMI â‚ą7,341/m*",â‚ą3.30 lakh,Chandigarh,
2024 Maruti Swift,Â VXI,"32,722 km",Petrol,Manual,PB-10,"EMI â‚ą10,892/m*",â‚ą6.17 lakh,Chandigarh,
2012 Maruti Ritz,Â LXI,"85,282 km",Petrol,Manual,DL-6C,"EMI â‚ą12,705/m*",â‚ą1.43 lakh,Chandigarh,
2015 Tata Zest,Â XE 75PS DIESEL,"73,115 km",Diesel,Manual,DL-11,"EMI â‚ą5,115/m*",â‚ą1.54 lakh,Chandigarh,
2019 Renault Kwid,Â RXT 1.0 (O),"42,793 km",Petrol,Manual,HR-03,"EMI â‚ą3,584/m*",â‚ą2.20Lâ‚ą2.03 lakh+ other charges,Delhi,0.0
2023 Maruti Baleno,Â DELTA PETROL 1.2,"38,618 km",Petrol,Manual,DL-10,"EMI â‚ą9,232/m*",â‚ą5.23 lakh+ other charges,Delhi,1.0
2021 Nissan MAGNITE,Â XL,"64,701 km",Petrol,Manual,HR-15,"EMI â‚ą6,726/m*",â‚ą4.27Lâ‚ą3.81 lakh+ other charges,Delhi,2.0
2017 Renault Kwid,Â RXT 1.0,"61,347 km",Petrol,Manual,HR-87,"EMI â‚ą3,245/m*",â‚ą2.04Lâ‚ą1.66 lakh+ other charges,Delhi,3.0
2018 Renault Kwid,Â RXL,"60,101 km",Petrol,Manual,HR-51,"EMI â‚ą2,892/m*",â‚ą1.89Lâ‚ą1.64 lakh+ other charges,Delhi,4.0
2018 Renault Kwid,Â RXT 0.8,"62,135 km",Petrol,Manual,UP-80,"EMI â‚ą2,879/m*",â‚ą2.42Lâ‚ą1.63 lakh+ other charges,Delhi,5.0
2017 Renault Kwid,Â RXT 0.8,"41,654 km",Petrol,Manual,HR-79,"EMI â‚ą2,929/m*",â‚ą2.50Lâ‚ą1.50 lakh+ other charges,Delhi,6.0
2019 Tata Tiago,Â XZ PETROL,"82,748 km",Petrol,Manual,DL-9C,"EMI â‚ą4,501/m*",â‚ą3.09Lâ‚ą2.55 lakh+ other charges,Delhi,7.0
2017 Maruti Swift,Â LXI (O),"79,321 km",Petrol,Manual,DL-8C,"EMI â‚ą4,886/m*",â‚ą2.70Lâ‚ą2.50 lakh+ other charges,Delhi,8.0
2015 Hyundai Grand i10,Â SPORTZ 1.2 KAPPA VTVT,"51,717 km",Petrol,Manual,DL-8C,"EMI â‚ą6,136/m*",â‚ą2.68Lâ‚ą2.33 lakh+ other charges,Delhi,9.0
2018 Honda Amaze,Â 1.2L I-VTEC VX,"63,933 km",Petrol,Manual,DL-11,"EMI â‚ą6,690/m*",â‚ą4.24Lâ‚ą3.79 lakh+ other charges,Delhi,10.0
2016 Renault Kwid,Â RXT 0.8,"80,136 km",Petrol,Manual,DL-8C,"EMI â‚ą3,403/m*",â‚ą2.15Lâ‚ą1.53 lakh+ other charges,Delhi,11.0
2015 Maruti Wagon R 1.0,Â LXI,"63,611 km",Petrol,Manual,DL-9C,"EMI â‚ą4,529/m*",â‚ą2.05Lâ‚ą1.72 lakh+ other charges,Delhi,12.0
2022 Maruti Swift,Â LXI,"66,173 km",Petrol,Manual,HR-14,"EMI â‚ą7,432/m*",â‚ą4.37Lâ‚ą4.21 lakh+ other charges,Delhi,13.0
2016 Renault Kwid,Â 1.0 MARVEL IRON MAN EDITION,"92,514 km",Petrol,Manual,HR-29,"EMI â‚ą3,960/m*",â‚ą2.38Lâ‚ą1.78 lakh+ other charges,Delhi,14.0
2022 KIA SELTOS,Â HTK 1.5 PETROL,"43,539 km",Petrol,Manual,HR-16,"EMI â‚ą13,243/m*",â‚ą8.64Lâ‚ą7.50 lakh+ other charges,Delhi,15.0
2019 Ford FREESTYLE,Â AMBIENTE 1.5 DIESEL,"55,165 km",Diesel,Manual,UP-25,"EMI â‚ą9,931/m*",â‚ą4.99Lâ‚ą2.99 lakh+ other charges,Delhi,16.0
2022 Tata NEXON,Â XZ PLUS (L) DARK EDITION,"55,797 km",Petrol,Manual,UP-27,"EMI â‚ą13,240/m*",â‚ą8.04Lâ‚ą7.50 lakh+ other charges,Delhi,17.0
2019 Maruti New Wagon-R,Â VXI 1.2,"46,641 km",Petrol,Manual,DL-2C,"EMI â‚ą5,886/m*",â‚ą3.33 lakh+ other charges,Delhi,18.0
2023 Toyota Glanza,Â S,"60,527 km",Petrol,Manual,HR-26,"EMI â‚ą8,826/m*",â‚ą5.64Lâ‚ą5.00 lakh+ other charges,Delhi,19.0
2022 Volkswagen TAIGUN,Â COMFORTLINE 1.0 TSI MT,"26,852 km",Petrol,Manual,TS-07,"EMI â‚ą13,830/m*",â‚ą7.83 lakh+ other charges,Hydrabad,
2017 Renault Kwid,Â RXT 0.8,"65,470 km",Petrol,Manual,TS-09,"EMI â‚ą3,949/m*",â‚ą2.44Lâ‚ą2.02 lakh+ other charges,Hydrabad,
2023 Maruti BREZZA,Â ZXI,"20,947 km",Petrol,Manual,AP-39,"EMI â‚ą16,951/m*",â‚ą11.65Lâ‚ą9.90 lakh+ other charges,Hydrabad,
2016 Maruti Swift,Â VDI,"1,13,417 km",Diesel,Manual,TS-09,"EMI â‚ą9,586/m*",â‚ą3.86Lâ‚ą3.64 lakh+ other charges,Hydrabad,
2021 Renault Kwid,Â CLIMBER 1.0 (O),"91,070 km",Petrol,Manual,TS-08,"EMI â‚ą5,808/m*",â‚ą3.40Lâ‚ą3.29 lakh+ other charges,Hydrabad,
2020 Honda City,Â 1.5L I-VTEC VX,"83,781 km",Petrol,Manual,TS-12,"EMI â‚ą13,938/m*",â‚ą7.90 lakh+ other charges,Hydrabad,
2013 Maruti Swift,Â VXI,"1,15,028 km",Petrol,Manual,AP-28,"EMI â‚ą11,674/m*",â‚ą2.93Lâ‚ą2.48 lakh+ other charges,Hydrabad,
2018 Hyundai Creta,Â SX PLUS 1.6 PETROL,"87,805 km",Petrol,Manual,TS-08,"EMI â‚ą12,375/m*",â‚ą7.61Lâ‚ą7.01 lakh+ other charges,Hydrabad,
2020 Maruti Vitara Brezza,Â ZXI,"68,610 km",Petrol,Manual,TS-07,"EMI â‚ą11,668/m*",â‚ą6.88Lâ‚ą6.61 lakh+ other charges,Hydrabad,
2014 Hyundai Verna,Â FLUIDIC 1.6 VTVT SX,"1,15,057 km",Petrol,Manual,TS-08,"EMI â‚ą11,658/m*",â‚ą3.71Lâ‚ą3.51 lakh+ other charges,Hydrabad,
2014 Maruti Alto 800,Â LXI,"72,570 km",Petrol,Manual,TS-10,"EMI â‚ą5,090/m*",â‚ą1.53 lakh+ other charges,Hydrabad,
2019 KIA SELTOS,Â HTK 1.5 PETROL,"70,038 km",Petrol,Manual,TS-10,"EMI â‚ą12,639/m*",â‚ą8.66Lâ‚ą7.16 lakh+ other charges,Hydrabad,
2019 Volkswagen Polo,Â TRENDLINE 1.0L,"74,948 km",Petrol,Manual,TS-08,"EMI â‚ą6,990/m*",â‚ą4.89Lâ‚ą3.96 lakh+ other charges,Hydrabad,
2018 Maruti Alto 800,Â VXI O,"36,808 km",Petrol,Manual,TS-07,"EMI â‚ą5,098/m*",â‚ą2.89 lakh+ other charges,Hydrabad,
2022 Tata NEXON,Â XZ PLUS (HS) PETROL,"61,740 km",Petrol,Manual,TS-07,"EMI â‚ą13,222/m*",â‚ą7.74Lâ‚ą7.49 lakh+ other charges,Hydrabad,
2021 Ford Ecosport,Â TITANIUM + 1.5L PETROL,"34,987 km",Petrol,Manual,TS-08,"EMI â‚ą12,022/m*",â‚ą7.91Lâ‚ą6.81 lakh+ other charges,Hydrabad,
2020 Tata NEXON,Â XM PETROL,"99,481 km",Petrol,Manual,TS-15,"EMI â‚ą9,532/m*",â‚ą5.86Lâ‚ą5.40 lakh+ other charges,Hydrabad,
2019 KIA SELTOS,Â HTX 1.5 PETROL,"92,054 km",Petrol,Manual,TS-15,"EMI â‚ą13,610/m*",â‚ą7.90Lâ‚ą7.71 lakh+ other charges,Hydrabad,
2015 Toyota Innova,Â 2.5 GX 8 STR,"97,979 km",Diesel,Manual,TS-09,"EMI â‚ą24,246/m*",â‚ą8.09Lâ‚ą7.30 lakh+ other charges,Hydrabad,
2017 Hyundai Elite i20,Â ASTA 1.2,"42,981 km",Petrol,Manual,TS-07,"EMI â‚ą10,132/m*",â‚ą5.18 lakh+ other charges,Hydrabad,
2017 Maruti Swift,Â VXI,"26,489 km",Petrol,Manual,RJ-14,"EMI â‚ą8,270/m*",â‚ą4.23 lakh+ other charges,Jaipur,
2021 Tata Tiago,Â XT PETROL,"44,033 km",Petrol,Manual,RJ-45,"EMI â‚ą6,726/m*",â‚ą3.95Lâ‚ą3.81 lakh+ other charges,Jaipur,
2023 Maruti Swift,Â ZXI PLUS DUAL TONE,"44,528 km",Petrol,Manual,RJ-45,"EMI â‚ą11,615/m*",â‚ą7.17Lâ‚ą6.58 lakh+ other charges,Jaipur,
2021 Datsun Redi Go,Â A,"40,360 km",Petrol,Manual,RJ-45,"EMI â‚ą3,283/m*",â‚ą2.75Lâ‚ą1.86 lakh+ other charges,Jaipur,
2018 Maruti Alto 800,Â LXI,"43,860 km",Petrol,Manual,RJ-34,"EMI â‚ą3,901/m*",â‚ą2.70Lâ‚ą2.21 lakh+ other charges,Jaipur,
2020 Volkswagen Polo,Â HIGHLINE PLUS 1.0,"43,694 km",Petrol,Manual,RJ-45,"EMI â‚ą9,886/m*",â‚ą5.66Lâ‚ą5.60 lakh+ other charges,Jaipur,
2015 Maruti Swift Dzire,Â VXI,"56,431 km",Petrol,Manual,RJ-14,"EMI â‚ą8,743/m*",â‚ą3.45Lâ‚ą3.32 lakh+ other charges,Jaipur,
2022 Maruti Vitara Brezza,Â LXI,"56,141 km",Petrol,Manual,RJ-27,"EMI â‚ą9,585/m*",â‚ą6.45Lâ‚ą5.43 lakh+ other charges,Jaipur,
2016 Hyundai Grand i10,Â SPORTZ 1.2 KAPPA VTVT,"66,829 km",Petrol,Manual,RJ-14,"EMI â‚ą7,674/m*",â‚ą3.45 lakh+ other charges,Jaipur,
2020 Ford Ecosport,Â TITANIUM 1.5L PETROL,"73,275 km",Petrol,Manual,RJ-45,"EMI â‚ą9,179/m*",â‚ą5.71Lâ‚ą5.20 lakh+ other charges,Jaipur,
2020 KIA SELTOS,Â HTK 1.5 PETROL,"82,109 km",Petrol,Manual,RJ-02,"EMI â‚ą13,593/m*",â‚ą7.70 lakh+ other charges,Jaipur,
2023 Hyundai Verna,Â SX 1.5 l MPI,"49,512 km",Petrol,Manual,RJ-02,"EMI â‚ą16,472/m*",â‚ą9.95Lâ‚ą9.62 lakh+ other charges,Jaipur,
2019 Tata Tiago,Â XZ PETROL,"91,455 km",Petrol,Manual,RJ-45,"EMI â‚ą7,238/m*",â‚ą4.10 lakh+ other charges,Jaipur,
2020 Honda City,Â 1.5L I-VTEC ZX,"49,728 km",Petrol,Manual,RJ-01,"EMI â‚ą13,955/m*",â‚ą8.15 lakh+ other charges,Jaipur,
2021 Mahindra XUV300,Â W8 1.2 PETROL,"38,257 km",Petrol,Manual,RJ-02,"EMI â‚ą10,962/m*",â‚ą6.61Lâ‚ą6.21 lakh+ other charges,Jaipur,
2013 Hyundai Verna,Â FLUIDIC 1.6 CRDI SX,"96,358 km",Diesel,Manual,RJ-14,"EMI â‚ą25,944/m*",â‚ą3.36Lâ‚ą2.92 lakh+ other charges,Jaipur,
2015 Hyundai Creta,Â S 1.6 PETROL,"85,076 km",Petrol,Manual,RJ-14,"EMI â‚ą12,904/m*",â‚ą5.94Lâ‚ą4.90 lakh+ other charges,Jaipur,
2016 Chevrolet Beat,Â LS PETROL,"77,807 km",Petrol,Manual,RJ-14,"EMI â‚ą2,892/m*",â‚ą1.30 lakh+ other charges,Jaipur,
2017 Jeep Compass,Â LIMITED 1.4 PETROL AT,"56,275 km",Petrol,Auto,RJ-45,"EMI â‚ą13,978/m*",â‚ą8.08Lâ‚ą7.15 lakh+ other charges,Jaipur,
2020 Toyota YARIS,Â VX CVT,"77,912 km",Petrol,Auto,RJ-45,"EMI â‚ą11,580/m*",â‚ą9.47Lâ‚ą6.56 lakh+ other charges,Jaipur,
2016 Maruti Baleno,Â DELTA PETROL 1.2,"30,541 km",Petrol,Manual,WB-02,"EMI â‚ą6,295/m*",â‚ą3.43Lâ‚ą2.83 lakh+ other charges,Kolkata,
2022 Renault Kwid,Â RXT 1.0,"14,894 km",Petrol,Manual,WB-24,"EMI â‚ą5,596/m*",â‚ą3.87Lâ‚ą3.17 lakh+ other charges,Kolkata,
2017 Maruti Wagon R 1.0,Â VXI,"26,069 km",Petrol,Manual,WB-06,"EMI â‚ą4,497/m*",â‚ą2.79Lâ‚ą2.30 lakh+ other charges,Kolkata,
2019 Maruti Alto 800,Â LXI,"26,875 km",Petrol,Manual,WB-10,"EMI â‚ą3,319/m*",â‚ą2.38Lâ‚ą1.88 lakh+ other charges,Kolkata,
2018 Maruti Alto 800,Â VXI,"33,046 km",Petrol,Manual,WB-08,"EMI â‚ą3,372/m*",â‚ą2.28Lâ‚ą1.91 lakh+ other charges,Kolkata,
2023 Maruti Baleno,Â DELTA PETROL 1.2,"29,257 km",Petrol,Manual,WB-02,"EMI â‚ą9,591/m*",â‚ą5.43 lakh+ other charges,Kolkata,
2020 Hyundai AURA,Â E 1.2,"1,17,154 km",Petrol,Manual,WB-02,"EMI â‚ą6,584/m*",â‚ą3.52Lâ‚ą2.96 lakh+ other charges,Kolkata,
2019 Hyundai Creta,Â SX AT 1.6 PETROL,"79,582 km",Petrol,Auto,WB-02,"EMI â‚ą11,068/m*",â‚ą6.87Lâ‚ą6.27 lakh+ other charges,Kolkata,
2020 KIA SELTOS,Â HTK 1.5 PETROL,"38,099 km",Petrol,Manual,WB-08,"EMI â‚ą11,421/m*",â‚ą6.59Lâ‚ą6.47 lakh+ other charges,Kolkata,
2014 Hyundai Verna,Â FLUIDIC 1.4 VTVT CX,"60,889 km",Petrol,Manual,WB-02,"EMI â‚ą10,396/m*",â‚ą3.97Lâ‚ą3.13 lakh+ other charges,Kolkata,
2018 Ford Ecosport,Â TITANIUM 1.5L PETROL,"35,178 km",Petrol,Manual,WB-06,"EMI â‚ą8,367/m*",â‚ą4.78Lâ‚ą4.74 lakh+ other charges,Kolkata,
2015 Ford Ecosport,Â TREND 1.5L PETROL,"92,097 km",Petrol,Manual,WB-12,"EMI â‚ą7,005/m*",â‚ą2.91Lâ‚ą2.66 lakh+ other charges,Kolkata,
2016 Honda City,Â 1.5L I-VTEC SV,"53,943 km",Petrol,Manual,WB-20,"EMI â‚ą6,963/m*",â‚ą3.39Lâ‚ą3.13 lakh+ other charges,Kolkata,
2022 Skoda KUSHAQ,Â ACTIVE 1.0L TSI MT,"28,643 km",Petrol,Manual,WB-02,"EMI â‚ą10,503/m*",â‚ą6.50Lâ‚ą5.95 lakh+ other charges,Kolkata,
2021 Mahindra XUV300,Â W8 (O) 1.2 PETROL,"93,983 km",Petrol,Manual,WB-10,"EMI â‚ą9,709/m*",â‚ą5.91Lâ‚ą5.50 lakh+ other charges,Kolkata,
2023 Tata NEXON,Â CREATIVE PLUS S 1.2 REVOTRON 7 DCA,"19,428 km",Petrol,Auto,WB-06,"EMI â‚ą12,639/m*",â‚ą11.16Lâ‚ą7.16 lakh+ other charges,Kolkata,
2024 Hyundai Creta,Â SX (O) 1.5 PETROL,"14,174 km",Petrol,Manual,WB-02,"EMI â‚ą20,718/m*",â‚ą13.86Lâ‚ą12.10 lakh+ other charges,Kolkata,
2020 Maruti Baleno,Â ZETA PETROL 1.2,"33,897 km",Petrol,Manual,WB-06,"EMI â‚ą7,432/m*",â‚ą5.04Lâ‚ą4.21 lakh+ other charges,Kolkata,
2018 Datsun Go Plus,Â T,"80,776 km",Petrol,Manual,WB-24,"EMI â‚ą3,107/m*",â‚ą2.10Lâ‚ą1.76 lakh+ other charges,Kolkata,
2021 Toyota Glanza,Â G CVT,"39,919 km",Petrol,Auto,WB-12,"EMI â‚ą8,138/m*",â‚ą5.33Lâ‚ą4.61 lakh+ other charges,Kolkata,
2016 Hyundai Eon,Â D-LITE+,"32,837 km",Petrol,Manual,UP-11,"EMI â‚ą3,359/m*",â‚ą2.01Lâ‚ą1.51 lakh+ other charges,Lucknow,
2016 Maruti Swift,Â VDI,"69,519 km",Diesel,Manual,UP-16,"EMI â‚ą6,871/m*",â‚ą3.81Lâ‚ą2.61 lakh+ other charges,Lucknow,
2022 Maruti Alto,Â VXI,"38,280 km",Petrol,Manual,UP-32,"EMI â‚ą4,572/m*",â‚ą3.18Lâ‚ą2.59 lakh+ other charges,Lucknow,
2015 Maruti Wagon R 1.0,Â VXI,"34,217 km",Petrol,Manual,UP-25,"EMI â‚ą6,188/m*",â‚ą2.35 lakh+ other charges,Lucknow,
2022 Maruti Vitara Brezza,Â VXI,"55,501 km",Petrol,Manual,UP-32,"EMI â‚ą10,654/m*",â‚ą6.04 lakh+ other charges,Lucknow,
2020 Hyundai Creta,Â E 1.5 DIESEL,"1,01,140 km",Diesel,Manual,UP-78,"EMI â‚ą16,950/m*",â‚ą8.05Lâ‚ą7.62 lakh+ other charges,Lucknow,
2023 Tata NEXON,Â XZ PLUS PETROL SUNROOF,"58,364 km",Petrol,Manual,UP-32,"EMI â‚ą12,163/m*",â‚ą7.40Lâ‚ą6.89 lakh+ other charges,Lucknow,
2023 Toyota Glanza,Â S,"46,274 km",Petrol,Manual,UP-36,"EMI â‚ą9,215/m*",â‚ą5.29Lâ‚ą5.22 lakh+ other charges,Lucknow,
2019 Hyundai Grand i10,Â MAGNA 1.2 KAPPA VTVT,"28,387 km",Petrol,Manual,UP-32,"EMI â‚ą5,667/m*",â‚ą3.25Lâ‚ą3.21 lakh+ other charges,Lucknow,
2018 Honda Amaze,Â 1.2L I-VTEC S,"70,604 km",Petrol,Manual,UP-53,"EMI â‚ą6,178/m*",â‚ą3.53Lâ‚ą3.50 lakh+ other charges,Lucknow,
2016 Mahindra TUV300,Â T8,"1,26,142 km",Diesel,Manual,UP-65,"EMI â‚ą9,902/m*",â‚ą3.80Lâ‚ą3.76 lakh+ other charges,Lucknow,
2023 KIA SELTOS,Â HTE 1.5D IMT,"86,261 km",Diesel,Manual,UP-52,"EMI â‚ą13,822/m*",â‚ą11.93Lâ‚ą7.83 lakh+ other charges,Lucknow,
2021 Hyundai Creta,Â SX 1.5 DIESEL,"41,424 km",Diesel,Manual,UP-81,"EMI â‚ą16,679/m*",â‚ą11.33Lâ‚ą9.74 lakh+ other charges,Lucknow,
2017 Maruti IGNIS,Â DELTA 1.3,"90,400 km",Diesel,Manual,UP-78,"EMI â‚ą7,029/m*",â‚ą3.21Lâ‚ą3.16 lakh+ other charges,Lucknow,
2021 Ford FREESTYLE,Â TITANIUM 1.5 DIESEL,"1,11,529 km",Diesel,Manual,UP-66,"EMI â‚ą9,476/m*",â‚ą4.71Lâ‚ą4.26 lakh+ other charges,Lucknow,
2021 Hyundai NEW I20 N LINE,Â N6 1.0 TURBO GDI IMT,"32,967 km",Petrol,Manual,UP-32,"EMI â‚ą15,181/m*",â‚ą8.87 lakh+ other charges,Lucknow,
2017 Hyundai Tucson,Â GLS 4WD AT DIESEL,"1,31,162 km",Diesel,Auto,UP-32,"EMI â‚ą20,416/m*",â‚ą9.39 lakh+ other charges,Lucknow,
2018 Datsun Go,Â A,"55,380 km",Petrol,Manual,UP-32,"EMI â‚ą2,842/m*",â‚ą1.63Lâ‚ą1.61 lakh+ other charges,Lucknow,
2022 Skoda KUSHAQ,Â AMBITION 1.0L TSI MT,"60,419 km",Petrol,Manual,UP-78,"EMI â‚ą13,857/m*",â‚ą8.37Lâ‚ą7.85 lakh+ other charges,Lucknow,
2020 Toyota URBAN CRUISER,Â MID GRADE MT,"68,540 km",Petrol,Manual,UP-21,"EMI â‚ą8,103/m*",â‚ą4.65Lâ‚ą4.59 lakh+ other charges,Lucknow,
2015 Volkswagen Polo,Â HIGHLINE1.2L,"76,923 km",Petrol,Manual,BR-01,"EMI â‚ą7,111/m*",â‚ą2.70 lakh+ other charges,Patna,
2016 Maruti Wagon R 1.0,Â VXI,"59,511 km",Petrol,Manual,BR-01,"EMI â‚ą5,027/m*",â‚ą2.42Lâ‚ą2.26 lakh+ other charges,Patna,
2020 Datsun Redi Go,Â T(O),"51,983 km",Petrol,Manual,BR-31,"EMI â‚ą3,813/m*",â‚ą3.09Lâ‚ą2.16 lakh+ other charges,Patna,
2020 Maruti Swift,Â VXI,"53,097 km",Petrol,Manual,BR-01,"EMI â‚ą7,591/m*",â‚ą4.38Lâ‚ą4.30 lakh+ other charges,Patna,
2024 Maruti Eeco,Â 5 STR AC,"8,034 km",Petrol,Manual,BR-04,"EMI â‚ą8,615/m*",â‚ą4.98Lâ‚ą4.88 lakh+ other charges,Patna,
2017 Hyundai Creta,Â S PLUS 1.4 DIESEL,"68,982 km",Diesel,Manual,BR-02,"EMI â‚ą14,859/m*",â‚ą6.81Lâ‚ą6.68 lakh+ other charges,Patna,
2021 Maruti Dzire,Â VXI,"70,953 km",Petrol,Manual,BR-01,"EMI â‚ą8,032/m*",â‚ą4.69Lâ‚ą4.55 lakh+ other charges,Patna,
2021 Datsun Go Plus,Â T,"31,307 km",Petrol,Manual,BR-06,"EMI â‚ą5,967/m*",â‚ą4.64Lâ‚ą3.38 lakh+ other charges,Patna,
2022 Maruti Alto,Â LXI,"70,280 km",CNG,Manual,BR-01,"EMI â‚ą4,907/m*",â‚ą3.00Lâ‚ą2.78 lakh+ other charges,Patna,
2023 Skoda KUSHAQ,Â STYLE 1.0L TSI MT,"66,601 km",Petrol,Manual,BR-01,"EMI â‚ą13,293/m*",â‚ą10.33Lâ‚ą7.53 lakh+ other charges,Patna,
2024 Mahindra Bolero,Â B6,"58,158 km",Diesel,Manual,BR-01,"EMI â‚ą13,098/m*",â‚ą8.68Lâ‚ą7.42 lakh+ other charges,Patna,
2015 Maruti Alto 800,Â LXI,"91,091 km",Petrol,Manual,BR-01,"EMI â‚ą4,003/m*",â‚ą1.74Lâ‚ą1.52 lakh+ other charges,Patna,
2023 Mahindra BOLERO NEO,Â N10 R,"61,308 km",Diesel,Manual,BR-10,"EMI â‚ą11,951/m*",â‚ą7.02Lâ‚ą6.77 lakh+ other charges,Patna,
2022 KIA SONET,Â HTK 1.2,"11,177 km",Petrol,Manual,BR-01,"EMI â‚ą11,563/m*",â‚ą7.30Lâ‚ą6.55 lakh+ other charges,Patna,
2021 Hyundai Creta,Â SX (O) IVT 1.5 PETROL,"49,539 km",Petrol,Auto,BR-01,"EMI â‚ą16,181/m*",â‚ą14.25Lâ‚ą9.45 lakh+ other charges,Patna,
2020 Hyundai Creta,Â SX 1.5 PETROL,"34,586 km",Petrol,Manual,BR-01,"EMI â‚ą16,198/m*",â‚ą9.65Lâ‚ą9.46 lakh+ other charges,Patna,
2024 Tata Curvv,Â Creative 1.2 Petrol 6MT,"16,336 km",Petrol,Manual,BR-01,"EMI â‚ą20,444/m*",â‚ą12.12Lâ‚ą11.94 lakh+ other charges,Patna,
2019 Ford Ecosport,Â TITANIUM + 1.5L DIESEL,"1,05,820 km",Diesel,Manual,BR-01,"EMI â‚ą11,834/m*",â‚ą5.36Lâ‚ą5.32 lakh+ other charges,Patna,
2022 Tata NEXON,Â XZ PLUS (PREMIUM) KAZIRANGA PETROL,"97,980 km",CNG,Manual,BR-01,"EMI â‚ą15,941/m*",â‚ą10.41Lâ‚ą9.31 lakh+ other charges,Patna,
2022 Tata NEXON,Â XMA SUNROOF PETROL,"90,084 km",Petrol,Auto,BR-01,"EMI â‚ą11,280/m*",â‚ą8.15Lâ‚ą6.39 lakh+ other charges,Patna,
2017 Maruti Ertiga,Â VDI SHVS,"71,620 km",Diesel,Manual,MH-46,"EMI â‚ą15,639/m*",â‚ą7.03 lakh+ other charges,Mumbai,
2017 Hyundai Creta,Â SX PLUS AT 1.6 PETROL,"72,693 km",Petrol,Auto,MH-03,"EMI â‚ą11,714/m*",â‚ą5.99 lakh+ other charges,Mumbai,
2017 Maruti Ertiga,Â ZXI+,"72,276 km",CNG,Manual,MH-48,"EMI â‚ą14,747/m*",â‚ą5.60 lakh+ other charges,Mumbai,
2013 Honda City,Â 1.5L I-VTEC V MT,"1,36,396 km",Petrol,Manual,MH-46,"EMI â‚ą11,345/m*",â‚ą2.59Lâ‚ą2.41 lakh+ other charges,Mumbai,
2016 Renault Kwid,Â RXT 0.8,"52,504 km",Petrol,Manual,MH-03,"EMI â‚ą4,017/m*",â‚ą1.81 lakh+ other charges,Mumbai,
2016 Honda City,Â 1.5L I-VTEC SV CVT,"45,805 km",Petrol,Auto,MH-05,"EMI â‚ą9,283/m*",â‚ą4.17 lakh+ other charges,Mumbai,
2023 Tata NEXON,Â XM PETROL,"13,857 km",Petrol,Manual,MH-05,"EMI â‚ą12,163/m*",â‚ą7.00Lâ‚ą6.89 lakh+ other charges,Mumbai,
2019 Hyundai Elite i20,Â SPORTZ PLUS 1.2,"44,264 km",Petrol,Manual,MH-47,"EMI â‚ą8,050/m*",â‚ą4.78Lâ‚ą4.56 lakh+ other charges,Mumbai,
2012 Volkswagen Polo,Â HIGHLINE1.2L,"54,494 km",Petrol,Manual,MH-02,"EMI â‚ą20,232/m*",â‚ą2.28 lakh+ other charges,Mumbai,
2021 Tata NEXON,Â XM DIESEL,"44,718 km",Diesel,Manual,MH-04,"EMI â‚ą10,856/m*",â‚ą6.15 lakh+ other charges,Mumbai,
2014 Maruti Wagon R 1.0,Â VXI,"50,088 km",Petrol,Manual,MH-03,"EMI â‚ą6,842/m*",â‚ą2.29Lâ‚ą2.06 lakh+ other charges,Mumbai,
2018 Ford Ecosport,Â TITANIUM 1.5L PETROL,"43,799 km",Petrol,Manual,MH-05,"EMI â‚ą7,591/m*",â‚ą4.74Lâ‚ą4.30 lakh+ other charges,Mumbai,
2014 Maruti Celerio,Â VXI AMT,"42,879 km",Petrol,Auto,MH-04,"EMI â‚ą8,171/m*",â‚ą2.52Lâ‚ą2.46 lakh+ other charges,Mumbai,
2021 Skoda Rapid,Â STYLE TSI,"48,038 km",Petrol,Manual,MH-47,"EMI â‚ą11,174/m*",â‚ą6.64Lâ‚ą6.33 lakh+ other charges,Mumbai,
2019 Maruti Celerio,Â VXI (O) CNG,"69,614 km",CNG,Manual,MH-04,"EMI â‚ą6,872/m*",â‚ą3.85Lâ‚ą3.52 lakh+ other charges,Mumbai,
2022 KIA SELTOS,Â HTK PLUS 1.5 IMT,"94,252 km",Petrol,Manual,MH-03,"EMI â‚ą13,910/m*",â‚ą9.25Lâ‚ą7.88 lakh+ other charges,Mumbai,
2015 Maruti Alto 800,Â LXI CNG,"61,232 km",CNG,Manual,MH-04,"EMI â‚ą7,857/m*",â‚ą1.93Lâ‚ą1.67 lakh+ other charges,Mumbai,
2018 Hyundai Creta,Â SX AT 1.6 PETROL,"52,376 km",Petrol,Auto,MH-03,"EMI â‚ą12,939/m*",â‚ą7.33 lakh+ other charges,Mumbai,
2021 Mahindra Thar,Â LX D AT 4WD HT,"51,843 km",Diesel,Auto,MH-15,"EMI â‚ą17,037/m*",â‚ą11.32Lâ‚ą9.95 lakh+ other charges,Mumbai,
2018 Datsun Redi Go,Â S 1.0 AMT,"40,396 km",Petrol,Auto,MH-04,"EMI â‚ą3,302/m*",â‚ą2.22Lâ‚ą1.87 lakh+ other charges,Mumbai,
